                  epoch,         train/box_loss,         train/cls_loss,         train/dfl_loss,   metrics/precision(B),      metrics/recall(B),       metrics/mAP50(B),    metrics/mAP50-95(B),           val/box_loss,           val/cls_loss,           val/dfl_loss,                 lr/pg0,                 lr/pg1,                 lr/pg2
                      0,                0.84576,                 4.4794,                 1.1677,                      0,                      0,                      0,                      0,                0.48894,                 4.0983,                0.87366,             5.7377e-05,             5.7377e-05,             5.7377e-05
                      1,                0.68031,                 4.0194,                 1.0377,                  0.026,                0.77784,                0.06733,                0.06217,                0.50033,                 3.5051,                0.89356,             0.00011533,             0.00011533,             0.00011533
                      2,                0.68319,                 3.5734,                 1.0598,                0.26854,                0.32599,                0.15736,                0.13918,                0.52859,                 2.7894,                0.96849,              0.0001729,              0.0001729,              0.0001729
                      3,                0.70728,                 3.0989,                 1.1128,                0.21494,                0.50501,                0.25351,                0.22505,                0.53147,                 2.2676,                  1.009,             0.00017327,             0.00017327,             0.00017327
                      4,                0.69308,                 2.6891,                 1.1166,                0.27829,                  0.657,                0.40275,                0.36217,                0.52502,                 1.9206,                 1.0172,             0.00017327,             0.00017327,             0.00017327
                      5,                0.70718,                 2.4015,                 1.1288,                0.36655,                0.73143,                 0.5177,                0.46073,                0.51439,                 1.7211,                 1.0108,             0.00017269,             0.00017269,             0.00017269
                      6,                0.68373,                 2.1728,                 1.1166,                0.46263,                0.76084,                0.59878,                0.52406,                0.51056,                 1.5608,                0.99455,             0.00017211,             0.00017211,             0.00017211
                      7,                0.67155,                 1.9785,                 1.1102,                0.51849,                0.76925,                0.69796,                0.61919,                   0.51,                 1.3976,                 1.0076,             0.00017154,             0.00017154,             0.00017154
                      8,                0.64679,                 1.7908,                 1.0926,                0.58541,                0.83635,                0.75957,                 0.6768,                0.49994,                 1.2523,                0.99111,             0.00017096,             0.00017096,             0.00017096
                      9,                0.63111,                 1.6689,                 1.0782,                 0.6273,                0.84753,                0.81205,                0.72943,                 0.5038,                 1.1489,                0.98285,             0.00017038,             0.00017038,             0.00017038
                     10,                 0.6161,                 1.5043,                 1.0664,                0.72292,                0.88221,                 0.8776,                 0.7898,                0.48237,                0.93441,                0.97595,              0.0001698,              0.0001698,              0.0001698
                     11,                0.59459,                 1.3949,                 1.0482,                0.75013,                0.84665,                0.89194,                0.79912,                0.49472,                0.93924,                 0.9773,             0.00016922,             0.00016922,             0.00016922
                     12,                0.60087,                 1.3202,                 1.0518,                0.82561,                0.86734,                0.92158,                0.82703,                0.48602,                0.81683,                0.97283,             0.00016865,             0.00016865,             0.00016865
                     13,                0.59559,                 1.2534,                 1.0422,                0.84637,                0.90579,                0.94719,                0.84972,                0.46676,                0.70925,                0.95554,             0.00016807,             0.00016807,             0.00016807
                     14,                0.57461,                 1.1383,                 1.0364,                 0.8938,                 0.9091,                0.96237,                0.86796,                0.45652,                0.64213,                0.95184,             0.00016749,             0.00016749,             0.00016749
                     15,                0.58214,                 1.1283,                  1.036,                0.91604,                0.91616,                0.97006,                0.87351,                0.46985,                 0.6461,                0.95504,             0.00016691,             0.00016691,             0.00016691
                     16,                0.57393,                 1.0679,                 1.0271,                0.91632,                0.92633,                0.97454,                0.88039,                0.47662,                0.57518,                0.95529,             0.00016634,             0.00016634,             0.00016634
                     17,                0.57185,                 1.0417,                 1.0305,                0.91575,                0.91317,                0.96863,                0.87332,                0.45324,                0.57138,                 0.9369,             0.00016576,             0.00016576,             0.00016576
                     18,                0.56769,                0.99367,                 1.0195,                0.93231,                0.92901,                0.98106,                0.88311,                0.45665,                0.53069,                0.94228,             0.00016518,             0.00016518,             0.00016518
                     19,                0.56818,                0.96831,                 1.0238,                0.94085,                0.94181,                0.98327,                0.88752,                0.45182,                0.49395,                0.93957,              0.0001646,              0.0001646,              0.0001646
                     20,                0.56176,                0.92744,                 1.0272,                0.95055,                0.93844,                  0.985,                0.89025,                0.45637,                 0.4815,                0.94167,             0.00016403,             0.00016403,             0.00016403
                     21,                0.56054,                0.91334,                 1.0183,                  0.955,                0.93657,                0.98287,                0.88687,                0.45078,                0.48849,                 0.9359,             0.00016345,             0.00016345,             0.00016345
                     22,                0.56654,                0.89292,                 1.0214,                0.95219,                0.95569,                0.98528,                0.89333,                0.44635,                0.46007,                0.93254,             0.00016287,             0.00016287,             0.00016287
                     23,                0.54575,                0.85991,                 1.0112,                0.95291,                0.95544,                0.98775,                0.89055,                0.45209,                 0.4991,                0.93614,             0.00016229,             0.00016229,             0.00016229
                     24,                0.54989,                0.83768,                 1.0014,                0.93819,                 0.9509,                0.98562,                0.88925,                0.44872,                0.48306,                0.93268,             0.00016172,             0.00016172,             0.00016172
                     25,                0.54584,                 0.8213,                 1.0098,                0.96251,                0.96251,                0.98897,                0.89146,                0.44809,                0.42879,                0.93354,             0.00016114,             0.00016114,             0.00016114
                     26,                0.54078,                0.80301,                 1.0079,                0.95541,                0.97162,                0.98894,                0.89633,                0.43601,                 0.4262,                0.92591,             0.00016056,             0.00016056,             0.00016056
                     27,                0.54671,                0.79154,                 1.0079,                0.97133,                0.96996,                0.99021,                0.89516,                0.44411,                0.41689,                0.93115,             0.00015998,             0.00015998,             0.00015998
                     28,                0.54631,                0.77663,                 1.0013,                0.95882,                0.95823,                 0.9877,                0.89699,                0.43763,                0.41832,                0.92257,             0.00015941,             0.00015941,             0.00015941
                     29,                0.54335,                  0.771,                0.99983,                0.96767,                0.95166,                 0.9886,                 0.8966,                0.43508,                0.40414,                0.92897,             0.00015883,             0.00015883,             0.00015883
                     30,                0.54371,                0.76344,                 1.0042,                0.96543,                0.96222,                0.98949,                0.89179,                0.45124,                0.40752,                0.93507,             0.00015825,             0.00015825,             0.00015825
                     31,                0.53741,                0.74314,                0.99596,                0.96291,                0.96807,                0.99074,                0.89984,                 0.4356,                0.40388,                0.92161,             0.00015767,             0.00015767,             0.00015767
                     32,                 0.5314,                0.73614,                 1.0001,                0.96687,                0.97082,                0.99024,                0.89525,                  0.441,                0.38468,                0.93109,              0.0001571,              0.0001571,              0.0001571
                     33,                0.54317,                0.74783,                 1.0074,                0.96198,                0.97203,                0.99068,                  0.897,                0.43674,                0.38585,                0.92269,             0.00015652,             0.00015652,             0.00015652
                     34,                0.52716,                0.70746,                0.99189,                0.98318,                0.96262,                0.99011,                0.89961,                0.43964,                0.37302,                0.92958,             0.00015594,             0.00015594,             0.00015594
                     35,                0.53261,                0.70897,                0.99374,                0.96789,                 0.9697,                0.99034,                0.89723,                0.43441,                0.38711,                0.92413,             0.00015537,             0.00015537,             0.00015537
                     36,                0.53562,                0.70729,                 0.9992,                0.96341,                0.97171,                0.99031,                0.89315,                0.44311,                0.38584,                0.93065,             0.00015479,             0.00015479,             0.00015479
                     37,                0.53267,                0.71457,                 1.0067,                0.97643,                0.96192,                0.99059,                 0.8985,                0.44225,                0.37486,                0.92526,             0.00015421,             0.00015421,             0.00015421
                     38,                 0.5224,                0.67671,                0.99047,                0.97714,                0.96784,                0.99003,                0.89823,                  0.443,                0.37632,                0.92736,             0.00015363,             0.00015363,             0.00015363
                     39,                0.52467,                0.67487,                0.98948,                0.97118,                0.95982,                0.98888,                0.89573,                0.43259,                0.36746,                0.91881,             0.00015305,             0.00015305,             0.00015305
                     40,                0.51955,                0.67066,                0.98516,                0.96902,                0.97474,                0.99008,                0.90199,                0.43488,                0.35592,                0.92022,             0.00015248,             0.00015248,             0.00015248
                     41,                0.51596,                 0.6682,                0.98626,                0.96492,                0.97028,                0.99054,                0.90392,                0.43456,                0.35853,                0.92228,              0.0001519,              0.0001519,              0.0001519
                     42,                0.52305,                0.65992,                0.98655,                0.97111,                0.95966,                0.98962,                0.90025,                0.44092,                0.36777,                0.92296,             0.00015132,             0.00015132,             0.00015132
                     43,                0.51993,                0.65025,                0.98879,                0.97504,                0.97433,                0.99092,                0.89732,                0.44336,                0.35752,                0.92853,             0.00015074,             0.00015074,             0.00015074
                     44,                0.51271,                0.63575,                0.97648,                0.97938,                0.96636,                0.99054,                0.90031,                0.42812,                0.34297,                0.91472,             0.00015017,             0.00015017,             0.00015017
                     45,                0.52564,                0.64828,                0.98935,                0.97902,                0.97181,                0.99124,                0.90045,                0.43336,                0.33722,                0.91878,             0.00014959,             0.00014959,             0.00014959
                     46,                0.52222,                0.63381,                0.98886,                0.97443,                0.97361,                0.99156,                0.89686,                0.44401,                0.35417,                 0.9335,             0.00014901,             0.00014901,             0.00014901
                     47,                0.51203,                0.63458,                0.98307,                0.97413,                0.97678,                 0.9902,                0.90137,                0.42915,                0.33253,                0.91937,             0.00014844,             0.00014844,             0.00014844
                     48,                0.50269,                0.60323,                0.97295,                0.97753,                0.97424,                0.99115,                 0.9026,                0.42543,                0.33696,                 0.9144,             0.00014786,             0.00014786,             0.00014786
                     49,                0.51188,                 0.6123,                0.97895,                0.98145,                0.97232,                0.99119,                0.89884,                0.43525,                0.32989,                0.92129,             0.00014728,             0.00014728,             0.00014728
                     50,                0.50576,                0.60652,                0.98622,                0.97169,                0.97709,                0.99089,                0.90095,                0.43151,                0.33386,                0.92057,              0.0001467,              0.0001467,              0.0001467
                     51,                0.51451,                0.61828,                0.99138,                0.98367,                0.97212,                 0.9925,                0.89995,                0.43243,                0.31954,                0.91797,             0.00014613,             0.00014613,             0.00014613
                     52,                0.51325,                0.61183,                0.97889,                0.97996,                0.97316,                0.99067,                0.89929,                0.42639,                0.32839,                0.91716,             0.00014555,             0.00014555,             0.00014555
                     53,                0.50445,                0.59396,                0.97942,                0.98325,                0.97501,                0.99187,                0.90195,                0.42803,                0.31674,                0.92015,             0.00014497,             0.00014497,             0.00014497
                     54,                0.50719,                0.60487,                0.98461,                0.98093,                0.97845,                0.99129,                 0.9007,                0.43187,                 0.3271,                0.91392,             0.00014439,             0.00014439,             0.00014439
                     55,                0.49648,                 0.5819,                0.97167,                0.97283,                0.97601,                0.99047,                0.89927,                0.43551,                0.32973,                0.91987,             0.00014382,             0.00014382,             0.00014382
                     56,                0.50072,                0.59415,                0.98372,                0.97834,                0.97624,                0.99103,                 0.9027,                0.42663,                0.32252,                0.91831,             0.00014324,             0.00014324,             0.00014324
                     57,                0.49456,                0.58012,                0.97601,                0.97679,                0.97432,                 0.9925,                 0.9023,                0.42249,                 0.3198,                0.91366,             0.00014266,             0.00014266,             0.00014266
                     58,                0.49693,                0.59013,                0.97312,                0.98055,                0.97458,                0.99188,                0.90037,                0.43194,                0.31951,                0.91917,             0.00014208,             0.00014208,             0.00014208
                     59,                0.49874,                0.57739,                0.97277,                0.98406,                0.97511,                 0.9923,                0.90277,                0.42082,                0.30918,                0.91543,              0.0001415,              0.0001415,              0.0001415
                     60,                0.49814,                0.57544,                0.97474,                0.97837,                0.97681,                0.99286,                0.90089,                0.42495,                0.31375,                0.91464,             0.00014093,             0.00014093,             0.00014093
                     61,                0.49359,                0.56504,                0.97799,                0.98565,                0.97491,                0.99352,                0.89994,                0.43066,                 0.3162,                0.91751,             0.00014035,             0.00014035,             0.00014035
                     62,                0.49437,                0.56562,                0.97215,                0.97947,                0.97449,                0.99304,                0.90707,                0.42329,                0.31469,                0.91168,             0.00013977,             0.00013977,             0.00013977
                     63,                0.49503,                0.55614,                0.97413,                0.98238,                0.98026,                0.99331,                0.90335,                0.43437,                0.30216,                0.92085,             0.00013919,             0.00013919,             0.00013919
                     64,                0.49015,                0.54669,                 0.9617,                0.98072,                 0.9759,                0.99238,                0.89804,                 0.4407,                0.31263,                 0.9222,             0.00013862,             0.00013862,             0.00013862
                     65,                  0.491,                0.54272,                0.96463,                0.98312,                 0.9828,                0.99169,                 0.9014,                0.43186,                0.30696,                 0.9221,             0.00013804,             0.00013804,             0.00013804
                     66,                0.50152,                0.54655,                0.97648,                 0.9856,                0.97303,                0.99191,                0.89687,                0.44289,                0.30362,                0.93062,             0.00013746,             0.00013746,             0.00013746
                     67,                0.48839,                0.53842,                 0.9684,                0.98278,                0.97922,                0.99248,                0.90418,                 0.4237,                0.31081,                0.90855,             0.00013689,             0.00013689,             0.00013689
                     68,                0.49239,                0.55101,                0.97889,                0.98714,                0.97621,                0.99163,                0.90066,                0.42871,                0.30638,                0.91683,             0.00013631,             0.00013631,             0.00013631
                     69,                0.48691,                 0.5442,                0.96836,                0.98417,                0.97931,                0.99194,                0.90895,                 0.4179,                0.30273,                0.90626,             0.00013573,             0.00013573,             0.00013573
                     70,                0.48804,                0.53266,                0.96899,                0.98171,                0.98247,                0.99236,                0.90342,                0.43095,                0.31083,                0.92268,             0.00013515,             0.00013515,             0.00013515
                     71,                0.48291,                0.53916,                0.96573,                0.98465,                0.97165,                0.99336,                0.90405,                0.42938,                0.30068,                 0.9156,             0.00013457,             0.00013457,             0.00013457
                     72,                0.48084,                0.53109,                0.96727,                0.98679,                0.97831,                 0.9925,                0.90266,                0.43119,                0.29705,                0.91719,               0.000134,               0.000134,               0.000134
                     73,                0.49337,                0.53411,                0.97397,                0.97933,                0.98843,                0.99323,                0.90406,                0.43309,                0.29232,                0.91628,             0.00013342,             0.00013342,             0.00013342
                     74,                0.48048,                0.52946,                0.97218,                 0.9809,                0.97872,                0.99234,                0.90253,                0.43519,                 0.3015,                0.92286,             0.00013284,             0.00013284,             0.00013284
                     75,                0.48284,                0.52681,                0.97167,                0.98168,                0.98321,                0.99256,                0.90391,                0.43975,                 0.3046,                0.92174,             0.00013226,             0.00013226,             0.00013226
                     76,                0.47728,                0.52508,                0.96032,                0.98542,                 0.9781,                 0.9928,                0.90504,                0.42398,                0.30589,                 0.9104,             0.00013169,             0.00013169,             0.00013169
                     77,                0.48155,                 0.5099,                0.96634,                0.98339,                0.98008,                0.99334,                0.90649,                0.42218,                0.28777,                0.91566,             0.00013111,             0.00013111,             0.00013111
                     78,                0.47557,                0.51134,                0.96743,                0.97514,                0.98073,                 0.9925,                0.90364,                0.43213,                0.29014,                0.91759,             0.00013053,             0.00013053,             0.00013053
                     79,                0.47418,                0.49988,                0.96247,                0.98476,                0.97485,                0.99124,                0.90433,                0.42379,                0.29026,                0.91109,             0.00012996,             0.00012996,             0.00012996
                     80,                0.46554,                0.50249,                0.95861,                0.98567,                0.97718,                0.99019,                0.90545,                0.42961,                0.29253,                0.91543,             0.00012938,             0.00012938,             0.00012938
                     81,                0.46784,                0.48923,                0.95717,                0.97809,                0.98078,                0.99185,                0.89738,                0.43807,                0.28887,                0.92298,              0.0001288,              0.0001288,              0.0001288
                     82,                0.47059,                0.49018,                0.95727,                 0.9768,                 0.9881,                0.99258,                 0.9051,                0.43459,                0.28488,                0.92052,             0.00012822,             0.00012822,             0.00012822
                     83,                0.47739,                0.49987,                0.96095,                0.97998,                0.98564,                0.99263,                0.90513,                0.42442,                0.29192,                0.91471,             0.00012765,             0.00012765,             0.00012765
                     84,                0.46998,                 0.4949,                0.95714,                0.98013,                0.98628,                0.99305,                0.90455,                0.43306,                0.28337,                0.92328,             0.00012707,             0.00012707,             0.00012707
                     85,                0.47237,                0.50028,                0.96415,                0.98481,                0.98286,                0.99359,                 0.9059,                 0.4238,                0.29216,                0.91117,             0.00012649,             0.00012649,             0.00012649
                     86,                0.47442,                0.49808,                0.96385,                0.97946,                0.98408,                0.99322,                0.90182,                0.43977,                0.28618,                0.92367,             0.00012591,             0.00012591,             0.00012591
                     87,                0.48316,                0.50216,                0.96205,                0.98762,                0.97957,                0.99331,                0.90492,                0.42284,                0.28742,                0.91103,             0.00012534,             0.00012534,             0.00012534
                     88,                0.47542,                0.49477,                0.96298,                0.98468,                0.97574,                0.99319,                0.90672,                0.42481,                0.29285,                0.91408,             0.00012476,             0.00012476,             0.00012476
                     89,                  0.463,                0.47646,                0.95105,                0.98618,                0.97893,                0.99364,                0.90584,                0.42961,                 0.2899,                0.91289,             0.00012418,             0.00012418,             0.00012418
                     90,                 0.4697,                0.49426,                0.96256,                0.98804,                0.98208,                0.99263,                0.90753,                0.42658,                0.28445,                0.91153,              0.0001236,              0.0001236,              0.0001236
                     91,                0.46581,                  0.486,                0.95418,                0.98246,                0.98579,                0.99329,                0.90309,                0.43497,                 0.2916,                0.91794,             0.00012302,             0.00012302,             0.00012302
                     92,                0.47291,                0.49372,                0.96197,                0.98112,                0.97636,                0.99309,                0.90616,                0.42389,                0.28518,                0.90988,             0.00012245,             0.00012245,             0.00012245
                     93,                0.46546,                0.47571,                 0.9539,                0.99031,                0.97784,                0.99293,                0.90645,                0.43293,                0.28458,                0.91499,             0.00012187,             0.00012187,             0.00012187
                     94,                0.46775,                0.47518,                0.96225,                0.98287,                0.98635,                0.99348,                0.90812,                0.42584,                0.27999,                0.91361,             0.00012129,             0.00012129,             0.00012129
                     95,                0.45535,                0.46191,                0.94899,                0.98556,                0.98356,                0.99407,                 0.9062,                0.42865,                0.28427,                0.91154,             0.00012071,             0.00012071,             0.00012071
                     96,                0.45646,                0.46909,                0.94668,                 0.9854,                0.98753,                0.99325,                0.90789,                0.42412,                0.27219,                0.91223,             0.00012014,             0.00012014,             0.00012014
                     97,                0.46373,                0.47567,                0.95147,                0.98895,                0.98201,                0.99349,                0.90577,                0.42836,                0.27425,                0.91417,             0.00011956,             0.00011956,             0.00011956
                     98,                0.46505,                0.47823,                0.95728,                0.98759,                0.98513,                0.99441,                0.90382,                0.42946,                0.26871,                0.91781,             0.00011898,             0.00011898,             0.00011898
                     99,                0.46228,                0.46988,                0.96417,                0.98706,                0.97925,                0.99219,                0.90769,                0.41859,                0.27271,                0.90697,              0.0001184,              0.0001184,              0.0001184
                    100,                0.46689,                0.47206,                0.95376,                0.98456,                0.98622,                0.99393,                0.90595,                  0.425,                0.27178,                0.91344,             0.00011783,             0.00011783,             0.00011783
                    101,                0.46192,                0.46396,                0.95096,                0.97884,                 0.9839,                0.99292,                0.90689,                 0.4174,                 0.2757,                0.90814,             0.00011725,             0.00011725,             0.00011725
                    102,                 0.4665,                0.46969,                  0.955,                0.98569,                0.98714,                0.99393,                0.90949,                0.42232,                0.26931,                0.91283,             0.00011667,             0.00011667,             0.00011667
                    103,                0.45615,                 0.4455,                0.95434,                0.98825,                 0.9847,                0.99347,                0.90683,                0.42474,                 0.2743,                0.90963,             0.00011609,             0.00011609,             0.00011609
                    104,                0.45969,                0.46441,                0.95934,                 0.9869,                0.98711,                0.99227,                0.90505,                0.42401,                0.27513,                0.90833,             0.00011552,             0.00011552,             0.00011552
                    105,                0.46519,                0.45961,                0.95844,                0.98608,                0.98717,                0.99404,                0.90557,                0.42433,                0.26132,                0.91099,             0.00011494,             0.00011494,             0.00011494
                    106,                0.46001,                0.45796,                  0.956,                0.98539,                0.98392,                0.99328,                 0.9073,                0.41982,                0.26115,                0.91072,             0.00011436,             0.00011436,             0.00011436
                    107,                 0.4555,                0.45546,                0.94819,                 0.9894,                0.98312,                0.99416,                0.90632,                0.41944,                0.26164,                0.91181,             0.00011379,             0.00011379,             0.00011379
                    108,                0.44404,                0.44466,                0.94637,                0.98809,                0.98748,                 0.9944,                0.90907,                0.41646,                0.25866,                0.90721,             0.00011321,             0.00011321,             0.00011321
                    109,                 0.4556,                0.45264,                0.95058,                0.98579,                0.98334,                0.99282,                0.90807,                0.42173,                0.26968,                0.91225,             0.00011263,             0.00011263,             0.00011263
                    110,                0.45554,                0.45251,                0.94945,                0.98467,                0.98773,                0.99393,                0.90703,                0.42444,                0.26615,                0.91423,             0.00011205,             0.00011205,             0.00011205
                    111,                0.44705,                0.44269,                0.94735,                0.98969,                 0.9879,                0.99415,                0.90538,                0.42216,                0.26268,                0.91279,             0.00011147,             0.00011147,             0.00011147
                    112,                0.45899,                0.44639,                0.95586,                0.98877,                0.98742,                0.99402,                0.90663,                0.41999,                0.25798,                0.91002,              0.0001109,              0.0001109,              0.0001109
                    113,                0.44395,                0.43733,                0.94535,                 0.9914,                0.98455,                0.99416,                0.90633,                0.42267,                0.25759,                0.91276,             0.00011032,             0.00011032,             0.00011032
                    114,                 0.4458,                0.44415,                0.94593,                0.98687,                0.98269,                0.99403,                0.90727,                0.42308,                0.26079,                0.91339,             0.00010974,             0.00010974,             0.00010974
                    115,                0.45158,                0.43952,                0.95117,                0.98618,                0.98549,                0.99418,                0.90741,                 0.4203,                0.25837,                0.91173,             0.00010917,             0.00010917,             0.00010917
                    116,                0.44613,                0.44358,                0.94316,                0.98963,                0.98514,                 0.9938,                0.90753,                0.42596,                0.26371,                0.91205,             0.00010859,             0.00010859,             0.00010859
                    117,                 0.4412,                0.43512,                0.94101,                0.99077,                0.98468,                0.99439,                0.90815,                0.42708,                0.25638,                0.91279,             0.00010801,             0.00010801,             0.00010801
                    118,                0.44991,                0.43807,                0.94734,                0.98838,                 0.9834,                0.99407,                0.90812,                0.42627,                 0.2593,                0.91209,             0.00010743,             0.00010743,             0.00010743
                    119,                0.44677,                0.43719,                0.95168,                0.98681,                0.98724,                0.99438,                0.90924,                 0.4226,                0.25458,                0.91342,             0.00010686,             0.00010686,             0.00010686
                    120,                0.44715,                0.43781,                0.94914,                0.98878,                0.98732,                0.99417,                0.90836,                0.42052,                0.25243,                0.91061,             0.00010628,             0.00010628,             0.00010628
                    121,                0.44848,                0.42946,                0.94772,                0.98705,                0.98452,                0.99399,                0.90875,                0.41836,                0.25598,                 0.9098,              0.0001057,              0.0001057,              0.0001057
                    122,                0.44312,                0.42323,                0.94271,                0.98486,                0.98305,                0.99362,                0.90413,                 0.4284,                0.26635,                0.91823,             0.00010512,             0.00010512,             0.00010512
                    123,                 0.4472,                 0.4272,                0.94343,                0.98905,                0.98739,                0.99409,                0.90844,                0.42432,                0.25431,                0.91234,             0.00010454,             0.00010454,             0.00010454
                    124,                0.44373,                0.42574,                0.94528,                0.98675,                0.98867,                0.99423,                0.90965,                0.41998,                0.25104,                0.90563,             0.00010397,             0.00010397,             0.00010397
                    125,                0.44899,                0.43251,                0.94687,                0.99115,                0.98577,                0.99398,                0.90798,                0.41873,                0.25429,                0.91027,             0.00010339,             0.00010339,             0.00010339
                    126,                0.44992,                 0.4316,                0.95432,                0.98944,                0.98903,                0.99421,                 0.9093,                0.41838,                0.25566,                0.90874,             0.00010281,             0.00010281,             0.00010281
                    127,                0.44396,                0.43334,                0.95546,                0.98852,                0.98479,                0.99409,                0.90648,                0.42597,                0.25324,                0.91428,             0.00010224,             0.00010224,             0.00010224
                    128,                0.44924,                0.43162,                0.94649,                0.99096,                0.98534,                0.99389,                0.90876,                0.42182,                 0.2553,                   0.91,             0.00010166,             0.00010166,             0.00010166
                    129,                0.44925,                0.42984,                0.95309,                0.98939,                0.99194,                0.99455,                0.90643,                0.43011,                0.24968,                0.91721,             0.00010108,             0.00010108,             0.00010108
                    130,                0.43718,                0.41897,                0.93941,                0.99119,                0.98351,                 0.9936,                0.90751,                0.42079,                0.24997,                0.90765,              0.0001005,              0.0001005,              0.0001005
                    131,                0.44218,                0.42034,                0.95044,                0.99105,                0.98924,                0.99426,                0.90814,                0.42863,                0.25482,                0.91403,             9.9925e-05,             9.9925e-05,             9.9925e-05
                    132,                0.44193,                0.41882,                0.94438,                0.98903,                0.98689,                0.99455,                0.91129,                0.41902,                0.25069,                0.90844,             9.9347e-05,             9.9347e-05,             9.9347e-05
                    133,                0.44154,                0.41186,                0.95201,                 0.9903,                0.98426,                0.99432,                0.91032,                0.42014,                0.24969,                0.91283,              9.877e-05,              9.877e-05,              9.877e-05
                    134,                0.43482,                0.41603,                0.94099,                0.99004,                0.98673,                0.99428,                0.90846,                0.42303,                0.24892,                0.91523,             9.8192e-05,             9.8192e-05,             9.8192e-05
                    135,                0.43817,                0.41495,                0.94638,                0.98857,                0.98948,                0.99409,                0.91035,                0.42105,                0.24943,                0.91251,             9.7615e-05,             9.7615e-05,             9.7615e-05
                    136,                0.43376,                0.41063,                0.94535,                0.98663,                0.98525,                0.99425,                0.90979,                0.42076,                0.24936,                0.90954,             9.7037e-05,             9.7037e-05,             9.7037e-05
                    137,                0.43923,                0.41161,                0.93878,                0.98455,                0.98664,                0.99396,                0.90645,                0.43109,                0.25651,                0.91568,              9.646e-05,              9.646e-05,              9.646e-05
                    138,                0.44086,                0.41691,                0.94997,                0.98877,                0.98522,                0.99424,                0.90806,                0.42116,                0.25021,                0.91232,             9.5883e-05,             9.5883e-05,             9.5883e-05
                    139,                0.44069,                0.42334,                0.94849,                0.99048,                0.98889,                0.99413,                0.90747,                0.42229,                0.25102,                 0.9106,             9.5305e-05,             9.5305e-05,             9.5305e-05
                    140,                0.43894,                0.41704,                0.94877,                0.98933,                0.98549,                0.99419,                0.91004,                0.42259,                0.24836,                0.91105,             9.4727e-05,             9.4727e-05,             9.4727e-05
                    141,                 0.4361,                0.41412,                0.94696,                0.98477,                0.99026,                 0.9936,                0.90614,                0.42441,                0.25741,                0.91497,              9.415e-05,              9.415e-05,              9.415e-05
                    142,                0.42077,                0.39769,                   0.93,                0.98927,                0.99224,                0.99462,                0.90923,                0.42488,                 0.2477,                0.91628,             9.3573e-05,             9.3573e-05,             9.3573e-05
                    143,                0.42616,                  0.402,                0.93747,                0.99116,                 0.9881,                 0.9938,                0.90606,                0.42642,                0.25448,                0.91846,             9.2995e-05,             9.2995e-05,             9.2995e-05
                    144,                0.42936,                0.39915,                0.93713,                0.98996,                0.98759,                0.99412,                0.90789,                0.42225,                0.24912,                 0.9144,             9.2418e-05,             9.2418e-05,             9.2418e-05
                    145,                0.42702,                0.40306,                0.93687,                0.98959,                0.98799,                0.99425,                0.91099,                0.41875,                0.23918,                 0.9108,              9.184e-05,              9.184e-05,              9.184e-05
                    146,                0.42935,                0.40359,                0.93248,                0.98876,                 0.9907,                 0.9945,                0.90935,                0.42146,                0.24907,                0.91135,             9.1262e-05,             9.1262e-05,             9.1262e-05
                    147,                0.42814,                 0.4031,                0.93689,                0.98971,                  0.989,                0.99414,                0.91161,                0.41486,                0.24727,                 0.9072,             9.0685e-05,             9.0685e-05,             9.0685e-05
                    148,                0.42528,                0.39808,                0.93647,                0.98863,                0.98597,                0.99432,                0.91078,                0.42104,                0.24347,                0.91242,             9.0108e-05,             9.0108e-05,             9.0108e-05
                    149,                0.43061,                0.39882,                0.93848,                0.98906,                0.98967,                0.99435,                0.90968,                0.42164,                0.24153,                0.91375,              8.953e-05,              8.953e-05,              8.953e-05
                    150,                0.42147,                0.38546,                0.93639,                0.98517,                0.99056,                0.99436,                 0.9087,                0.42025,                0.24248,                0.91389,             8.8953e-05,             8.8953e-05,             8.8953e-05
                    151,                0.43411,                0.40647,                0.94302,                0.98722,                0.98926,                 0.9943,                 0.9072,                0.42565,                0.24369,                0.91549,             8.8375e-05,             8.8375e-05,             8.8375e-05
                    152,                0.42508,                0.39275,                0.93907,                0.98909,                0.98482,                0.99325,                0.91165,                 0.4123,                0.24167,                0.90709,             8.7798e-05,             8.7798e-05,             8.7798e-05
                    153,                0.42166,                0.39428,                0.93253,                0.99022,                0.98503,                0.99417,                0.91136,                0.41393,                0.24152,                 0.9083,              8.722e-05,              8.722e-05,              8.722e-05
                    154,                0.42803,                0.39754,                0.94049,                0.98902,                0.98736,                0.99412,                0.91108,                0.41808,                0.24313,                0.91311,             8.6642e-05,             8.6642e-05,             8.6642e-05
                    155,                0.42567,                0.40091,                0.93962,                0.99034,                0.99008,                0.99423,                0.91194,                0.41903,                0.24387,                0.91385,             8.6065e-05,             8.6065e-05,             8.6065e-05
                    156,                0.42403,                0.39149,                0.93598,                0.99293,                0.98962,                0.99457,                0.91159,                0.42125,                 0.2408,                0.91317,             8.5487e-05,             8.5487e-05,             8.5487e-05
                    157,                0.42308,                0.39121,                0.93945,                0.98959,                0.99034,                0.99461,                 0.9104,                0.42057,                0.23703,                0.91375,              8.491e-05,              8.491e-05,              8.491e-05
                    158,                0.42075,                0.38548,                0.93412,                0.99199,                0.99208,                 0.9948,                0.91029,                0.41915,                0.24077,                0.91166,             8.4332e-05,             8.4332e-05,             8.4332e-05
                    159,                0.42516,                0.39017,                0.93371,                0.99042,                 0.9923,                0.99457,                0.91134,                 0.4142,                0.23378,                0.90644,             8.3755e-05,             8.3755e-05,             8.3755e-05
                    160,                0.41586,                0.38643,                0.93531,                0.98998,                0.98938,                0.99463,                0.91162,                0.41956,                0.23421,                0.91153,             8.3178e-05,             8.3178e-05,             8.3178e-05
                    161,                0.41912,                0.38759,                0.93545,                0.99055,                 0.9906,                0.99453,                0.91143,                0.41823,                0.23631,                0.90978,               8.26e-05,               8.26e-05,               8.26e-05
                    162,                0.42281,                0.38838,                0.93643,                0.99186,                0.99007,                0.99462,                0.90887,                0.42277,                0.24148,                0.91348,             8.2023e-05,             8.2023e-05,             8.2023e-05
                    163,                0.42186,                0.38558,                0.93883,                0.98707,                0.99269,                0.99474,                0.90911,                0.41984,                0.23269,                0.91503,             8.1445e-05,             8.1445e-05,             8.1445e-05
                    164,                0.42323,                0.39487,                0.94154,                0.99203,                0.99141,                0.99469,                0.90695,                0.41706,                0.23282,                0.91364,             8.0868e-05,             8.0868e-05,             8.0868e-05
                    165,                 0.4193,                0.38474,                0.92974,                0.99062,                0.99256,                 0.9948,                0.91243,                0.41609,                0.22831,                0.90861,              8.029e-05,              8.029e-05,              8.029e-05
                    166,                0.41976,                0.38016,                0.93324,                0.99303,                0.99106,                0.99477,                0.90985,                0.42278,                0.23355,                0.91427,             7.9712e-05,             7.9712e-05,             7.9712e-05
                    167,                0.42288,                0.38342,                0.93824,                0.98902,                0.99087,                0.99428,                0.90921,                0.42292,                0.23845,                0.91445,             7.9135e-05,             7.9135e-05,             7.9135e-05
                    168,                0.41886,                0.38278,                0.93838,                0.99087,                 0.9886,                0.99464,                0.91086,                0.42088,                0.23532,                0.91135,             7.8558e-05,             7.8558e-05,             7.8558e-05
                    169,                0.42204,                0.38425,                 0.9354,                0.99302,                0.99068,                0.99477,                0.90771,                0.42204,                0.22975,                0.91473,              7.798e-05,              7.798e-05,              7.798e-05
                    170,                0.42265,                 0.3886,                 0.9354,                0.99108,                0.99158,                0.99469,                0.91167,                0.41351,                 0.2307,                0.90805,             7.7402e-05,             7.7402e-05,             7.7402e-05
                    171,                0.42256,                0.38219,                0.94001,                0.99221,                 0.9878,                0.99371,                0.91332,                 0.4159,                0.23034,                 0.9109,             7.6825e-05,             7.6825e-05,             7.6825e-05
                    172,                0.41481,                0.38195,                0.93241,                 0.9923,                0.98858,                0.99474,                0.91316,                 0.4195,                0.22837,                0.91193,             7.6247e-05,             7.6247e-05,             7.6247e-05
                    173,                 0.4231,                0.38388,                0.93201,                0.99284,                0.98871,                0.99474,                0.91053,                0.41589,                0.22954,                0.91109,              7.567e-05,              7.567e-05,              7.567e-05
                    174,                0.42164,                0.37819,                0.93884,                0.99269,                0.98688,                 0.9947,                0.90896,                0.41482,                0.23478,                0.90773,             7.5092e-05,             7.5092e-05,             7.5092e-05
                    175,                0.41241,                0.37076,                0.93012,                0.99232,                0.99145,                0.99462,                0.91107,                0.41961,                0.23447,                0.91275,             7.4515e-05,             7.4515e-05,             7.4515e-05
                    176,                0.41976,                0.38063,                0.93053,                0.99308,                 0.9932,                0.99487,                0.91108,                0.41766,                0.23584,                0.91415,             7.3938e-05,             7.3938e-05,             7.3938e-05
                    177,                0.41866,                 0.3769,                 0.9348,                0.99277,                0.99234,                0.99475,                0.91085,                0.41881,                 0.2292,                0.91253,              7.336e-05,              7.336e-05,              7.336e-05
                    178,                 0.4163,                0.37631,                0.93417,                0.99009,                0.99148,                0.99469,                0.91225,                0.41435,                0.22556,                 0.9102,             7.2783e-05,             7.2783e-05,             7.2783e-05
                    179,                 0.4151,                0.37131,                0.93052,                0.99068,                0.98992,                0.99469,                0.91122,                0.42103,                0.22828,                 0.9153,             7.2205e-05,             7.2205e-05,             7.2205e-05
                    180,                 0.4196,                0.37783,                0.93378,                0.99078,                0.98704,                0.99488,                0.91105,                0.41719,                0.22699,                0.91047,             7.1628e-05,             7.1628e-05,             7.1628e-05
                    181,                0.40765,                0.36315,                0.92801,                0.99076,                 0.9869,                0.99438,                0.90926,                0.41868,                0.22667,                0.91281,              7.105e-05,              7.105e-05,              7.105e-05
                    182,                0.41157,                0.35989,                0.93023,                0.99346,                0.98477,                0.99447,                0.91264,                0.41642,                 0.2259,                 0.9106,             7.0472e-05,             7.0472e-05,             7.0472e-05
                    183,                0.41417,                0.37002,                0.93342,                0.99098,                0.99028,                0.99439,                0.91297,                0.41663,                 0.2256,                0.91354,             6.9895e-05,             6.9895e-05,             6.9895e-05
                    184,                 0.4122,                0.37033,                0.92789,                0.99188,                0.99155,                0.99475,                0.90991,                0.41705,                0.22295,                0.91548,             6.9317e-05,             6.9317e-05,             6.9317e-05
                    185,                0.41358,                0.36807,                0.93402,                 0.9922,                0.98795,                0.99472,                0.90951,                0.41604,                0.22899,                0.91229,              6.874e-05,              6.874e-05,              6.874e-05
                    186,                0.41386,                0.36755,                0.93977,                0.99229,                0.98816,                 0.9947,                0.90816,                0.42388,                0.22869,                0.91912,             6.8162e-05,             6.8162e-05,             6.8162e-05
                    187,                0.42001,                0.37551,                0.93405,                0.99382,                0.98902,                0.99469,                0.91041,                0.41821,                0.22814,                0.91609,             6.7585e-05,             6.7585e-05,             6.7585e-05
                    188,                0.40899,                0.36457,                0.93292,                0.99043,                0.98909,                 0.9948,                0.90956,                0.41887,                0.22946,                0.91454,             6.7007e-05,             6.7007e-05,             6.7007e-05
                    189,                0.41278,                0.36288,                0.93039,                0.99107,                0.98921,                0.99454,                 0.9087,                0.41923,                0.22739,                0.91595,              6.643e-05,              6.643e-05,              6.643e-05
                    190,                0.40677,                0.35852,                0.92227,                0.99176,                0.99264,                0.99493,                0.90763,                0.41777,                0.22469,                0.91413,             6.5853e-05,             6.5853e-05,             6.5853e-05
                    191,                0.41362,                0.37191,                0.93342,                0.99338,                0.99101,                0.99482,                0.91125,                0.41877,                 0.2267,                0.91525,             6.5275e-05,             6.5275e-05,             6.5275e-05
                    192,                0.41009,                0.36528,                0.92647,                0.99072,                 0.9909,                 0.9948,                0.91113,                0.41886,                0.22968,                0.91637,             6.4697e-05,             6.4697e-05,             6.4697e-05
                    193,                 0.4128,                0.36999,                0.93354,                 0.9896,                0.98715,                 0.9948,                0.91157,                 0.4163,                0.23129,                 0.9111,              6.412e-05,              6.412e-05,              6.412e-05
                    194,                0.39924,                0.35639,                  0.922,                0.98748,                0.99001,                0.99462,                0.91079,                0.42075,                0.22488,                0.91571,             6.3543e-05,             6.3543e-05,             6.3543e-05
                    195,                0.40645,                 0.3609,                0.92374,                0.99096,                0.99086,                0.99486,                0.91035,                 0.4247,                0.22878,                0.91832,             6.2965e-05,             6.2965e-05,             6.2965e-05
                    196,                0.40547,                0.36555,                0.93043,                 0.9909,                0.98808,                0.99449,                0.91091,                0.42111,                0.23138,                0.91597,             6.2387e-05,             6.2387e-05,             6.2387e-05
                    197,                0.40268,                0.35808,                0.92428,                0.99058,                0.99234,                 0.9948,                0.90941,                0.41988,                0.22703,                0.91382,              6.181e-05,              6.181e-05,              6.181e-05
                    198,                0.39826,                0.35345,                0.92304,                0.99167,                0.99138,                0.99459,                0.91124,                0.42005,                0.22155,                0.91137,             6.1233e-05,             6.1233e-05,             6.1233e-05
                    199,                0.40331,                0.35002,                0.92561,                0.99008,                0.99296,                0.99469,                  0.911,                0.41646,                0.21887,                0.91026,             6.0655e-05,             6.0655e-05,             6.0655e-05
                    200,                0.40376,                0.35527,                0.92954,                0.98963,                0.99017,                 0.9945,                0.90901,                0.41963,                0.22689,                0.91457,             6.0077e-05,             6.0077e-05,             6.0077e-05
                    201,                0.40458,                0.35397,                0.92644,                0.99091,                0.98752,                0.99474,                0.90847,                0.42095,                0.23115,                0.91365,               5.95e-05,               5.95e-05,               5.95e-05
                    202,                0.40486,                 0.3581,                0.92516,                0.99028,                0.99059,                0.99458,                0.90759,                0.42522,                0.22584,                0.91878,             5.8922e-05,             5.8922e-05,             5.8922e-05
                    203,                0.40111,                0.35565,                 0.9262,                0.99092,                0.99113,                0.99462,                0.91024,                 0.4188,                 0.2222,                 0.9112,             5.8345e-05,             5.8345e-05,             5.8345e-05
                    204,                 0.4022,                0.35364,                0.92562,                0.99127,                0.99123,                0.99462,                0.90996,                0.42073,                0.22415,                0.91443,             5.7768e-05,             5.7768e-05,             5.7768e-05
                    205,                0.39299,                0.35037,                0.91503,                0.98979,                0.99032,                0.99466,                0.91027,                0.42198,                0.22593,                0.91598,              5.719e-05,              5.719e-05,              5.719e-05
                    206,                0.39679,                0.35696,                0.92209,                0.99153,                0.98672,                 0.9944,                0.91137,                  0.422,                0.22647,                0.91456,             5.6613e-05,             5.6613e-05,             5.6613e-05
                    207,                0.39238,                0.34321,                0.92142,                0.99079,                0.98928,                0.99437,                0.91028,                0.42368,                0.22942,                0.91757,             5.6035e-05,             5.6035e-05,             5.6035e-05
                    208,                0.40362,                0.35552,                 0.9311,                0.99241,                0.98981,                0.99407,                0.90887,                0.42316,                0.22742,                0.91706,             5.5458e-05,             5.5458e-05,             5.5458e-05
                    209,                0.39811,                0.35191,                0.92604,                0.99103,                0.98661,                0.99435,                0.91022,                0.41973,                0.22463,                0.91185,              5.488e-05,              5.488e-05,              5.488e-05
                    210,                0.40161,                0.35114,                0.92464,                0.99216,                0.98627,                0.99445,                0.90998,                0.41794,                0.22655,                0.91221,             5.4303e-05,             5.4303e-05,             5.4303e-05
                    211,                0.39706,                0.34781,                 0.9217,                0.99187,                0.98851,                0.99428,                  0.911,                0.41888,                0.22291,                0.91408,             5.3725e-05,             5.3725e-05,             5.3725e-05
                    212,                0.39618,                0.34805,                0.92275,                0.98939,                 0.9891,                0.99364,                0.91125,                0.41765,                0.22149,                  0.916,             5.3147e-05,             5.3147e-05,             5.3147e-05
                    213,                 0.3975,                0.35011,                0.91941,                0.99134,                 0.9904,                0.99377,                0.91111,                0.41779,                0.21969,                0.91398,              5.257e-05,              5.257e-05,              5.257e-05
                    214,                0.39546,                0.34632,                0.92379,                0.99304,                 0.9907,                 0.9947,                 0.9101,                 0.4187,                0.22017,                0.91389,             5.1993e-05,             5.1993e-05,             5.1993e-05
                    215,                0.39563,                0.34825,                0.92714,                0.99229,                 0.9909,                0.99452,                0.91013,                0.41815,                0.22367,                0.91643,             5.1415e-05,             5.1415e-05,             5.1415e-05
                    216,                0.39079,                0.33944,                0.92778,                0.98986,                0.99081,                0.99461,                0.91098,                0.42117,                0.22193,                0.91482,             5.0837e-05,             5.0837e-05,             5.0837e-05
                    217,                0.39678,                0.34471,                0.92276,                0.99127,                0.98856,                0.99443,                 0.9099,                0.42484,                0.22764,                0.91739,              5.026e-05,              5.026e-05,              5.026e-05
                    218,                0.40088,                0.35186,                0.92715,                0.99231,                0.99009,                0.99435,                 0.9108,                0.42236,                 0.2251,                0.91629,             4.9682e-05,             4.9682e-05,             4.9682e-05
                    219,                0.39114,                0.34657,                0.92347,                0.99205,                0.99147,                0.99463,                0.90998,                0.42194,                0.22329,                0.91619,             4.9105e-05,             4.9105e-05,             4.9105e-05
                    220,                0.39716,                0.34203,                0.92812,                 0.9911,                0.99196,                0.99475,                0.91049,                0.42098,                0.22237,                0.91526,             4.8528e-05,             4.8528e-05,             4.8528e-05
                    221,                0.39483,                 0.3464,                0.92152,                0.99165,                0.99242,                0.99468,                 0.9131,                 0.4175,                0.21958,                 0.9146,              4.795e-05,              4.795e-05,              4.795e-05
